hash,Normalized_Tag
000473eb7dd933b5e08929643bac0f9f28d62633ea0f8a061f276703478af67a,noname057(16)
0022c1fe1d6b036de2a08d50ac5446a5,carbanak
00308cd59069e7c353783a838f6608c2,mustang panda
003ab666a73721404c8dae4613aec613,patchwork
0047c4a00161a8478df31dbdea44a19e,equation
009d8d1594e9c8bc40a95590287f373776a62dad213963662da8c859a10ef3b4,apt17
00b9e12166feb081bed234079607577b,raticate
00cbe1459af134db82c597def4ba96f567841b09e723486fed166a9d3162798d,darkgaboon
0105b9f0042f3f9974a33da060da216b,donot
013cd79973f9e26cd86719a988227c0c,apt17
013f3bde3f1022b6cf3f2e541d19353c,apt17
019011d74a3b7ae20990e2c7bdd2ff11,raticate
01ed1914b55a2d6ca4e4c97827fba3f4,agrius
02619666c5547e94b46d37eab9defa28,patchwork
027eb2cda9f1c8df00e26641ce4ef12d,apt17
028515d12e9d59d272a2538045d1f636,apt39
0299617c5a0b3d74a40ecbda1216c8f7,apt37
02d8ff1023ffb18d7a5c12fe5f59c18d,ghostwriter
030a68e321dec0e77b4698fccc5d54db,darkhotel
03275b5b1f9d11b1731d5746827d00b1,apt17
038187bba94498abb39c6a2b153394e3,bronze butler
03a2f5ea0cea83e77770a4018c4469ab,apt15
03acc9c551655ca7b32fdd43610d9735,armor piercer
03ef3d0131f27416b17807ab3ccd1556,apt9
03f7b36b33e30023d34adf80165b7dbb,apt17
03fa6a2e8e779644dfd612d61e1e8769,billbug
043f6cdca33ce68b1ebe0fd79e4685af,apt40
04654a7d793d59d82ac672b430912b5c,patchwork
04be89ff5d217796bc68678d2508a0d7,apt17
05187aa4d312ff06187c93d12dd5f1d0,equation
054cff8c56245c547933379fa17b1c99,bronze butler
059c5bbec45da7e50d92a54160622d36,ember bear
0667fa0c988be98c69bea88fdbca1146,confucius
066c1c5b0405bcf35cd583aed2f79235,donot
06723d4df65ed16ba6f555b3aff4473f,freakout of keksec
06b767c73f35fd2e7770ff91a18bb2ee,carbanak
06d1e4feb6766e556512609a174f7785,apt32
07179295144082d0291759d5cf2d19c2,teamtnt
072ddcf7e38ac538f1a410c6e29339bb,molerats
0750569cf1733d4fbb01169476387cc2,apt24
07af8778de9f2bc53899aac7ad671a72,apt-c-36
07c3207a2297df30908f0b9b1c7f7d80,promethium
07cd6b0ef48eb0e6653a3866659cc808,molerats
07cdb112936ef687856a50f6dbcdd29a,apt36
086f4d1411e2209bb321d3fa75bf0a6f,infy
0879125ed34df60a70ed5bb8d58f3a19,operation dragon castling
0889a7ad0ad0822e9bce2ca316b57f4d,apt38
088d3414a8c1c255b3724cee6040c370,raticate
08b04d6ef94d2764bfafd1457eb0d2a0,darkhotel
08e183ca620de0a19747d39bdc1574c9,apt38
0915566735968b4ea5f5dadbf7d585cc,apt-c-36
0925fb0f4c06f8b2df86508745dbacb1,apt1
096e7811312a218e12c7931c2d1f51c0,molerats
097978b6d22be6b2ed739e6c7b4d567a,apt32
0998f695ddd72f1ed0f8937929f1afdd,apt17
09b20478f9c22886d3a2d59feada4131,apt17
0a14b25bff0758cdf7472ac3ac7e21a3,apt38
0a3d8fae9ffbe6b9e8cfdeb4c485cf88,ember bear
0a40e22a4ffad11b7ec038acbb665d36,apt27
0a5627d2d8cafecb900860f2636aa387,freakout of keksec
0acecad57c4015e14d9b3bb02b433d3e,ghostwriter
0ad47c87a9e6041033946c525816dd58,apt30
0ae994af3dcece45343836e94f8e7ecb,the gorgon group
0b7e2cd59896d471755a5817b9a262a5,gamaredon group
0c69eff521e6869aee804293b48cc1bb,mustang panda
0c7a7ff5442b5240e481f94d8e94306b,f_apt
0c7e55509e0b6d4277b3facf864af018,tropic trooper
0cabd6aec2555e64bdf39320f338e027,apt20
0d29745c6c31d8da252039ffe06e5eb6,apt17
0d7ad99c0602864c1e1e422da6a01ccc,ember bear
0e01a700ab4255045e3d29c1fd977600,cobalt group
0e21c281a16787f6d96bdc22e7002cc1,apt28
0e441602449856e57d1105496023f458,turla
0e81f93c490b321278e2a0ad5e7ff68e,g0127
0ebb9d422f8e86458d8fa7f66fe1d0f1,apt38
0eded1c3a20039a504bc256fcc892023,apt17
0f3c15de074f934499f5bbc095d5557f,apt17
0f6f873e1bb36a78486baa49c0d17d68,freakout of keksec
1014374a0b4972adec93a015df6e4558,apt17
10206d3b8530f508ed0f8f002d99a9d4,the gorgon group
109106feea31a3a6f534c7d923f2d9f7,apt29
10aa6a55a4f15064eb4a88278c41adbf,apt29
10b358cdd1207248e0e3a37fe5065c92,ta2101
10c0b0f7efbfc92dd13fdd0fd35ca260,patchwork
10d044bc5b8ae607501304e61b2efecb,cobalt group
113ca319e85778b62145019359380a08,molerats
11898306703dcbeb1ca2cd7746384829,apt17
11b61b531a7bbc7668d7d346e4a17d5e,apt-c-27
131d22c60c6c3a66f954be8d4b7101f1,apt36
13320ce54ad1a7577acd2423703f418d,apt17
134fc6459fe359a292a2cd9fd33353b7,apt32
139e071dd83304cdcfd5280022a0f958,apt40
13a5fab598763ae4141955f2903d66f9,carbanak
147c7241371d840787f388e202f4fdc1,lapsus$
14d056a3dd335ea126e44806a284c60d,windshift
14d9d03cbb892bbbf9939ee8fffdd2b5,evilnum
152cade991b94b41ab0259fcc4e49339,apt19
156e197d7838558f44eed800b3b3ee8a,murenshark
1595b21da39149753273f82bf3049d62,freakout of keksec
15ef640d3b8d7e9a8f725d5a2cf25ec9,carbanak
15f31a63cf1aa329c7aec9fb2579e384,ta505
1612b392d6145bfb0c43f8a48d78c75f,apt30
16217533756678968169932c05280d94,apt34
162b349be9c6d11c58cf163e211d891c,dagger panda
1672a34928b5611a976e3ec3e5ca25a0,apt17
17234fa07e77ddb2a05f221e6aa9d335,infy
1734aee9190d256fc6cb2314f35d3a59,apt32
17610eb039d361ec09f1b741d97c093c,billbug
1792cdd0c5397ff5df445d73276d1a50,apt34
17fc032e3b92eaa5222a7f147a0ccd27,apt33
182b913bda3ba4d84455ecf033319e0f,apt37
18484fb0c3817656338d9bb3952f16af,aptjc-jr-001
1856f46da93c3b152c358e0f6db53402,molerats
186b2e42de0d2e58d070313bd6730243,darkhotel
19525a7511756158c896b28e223a44bc,apt34
198b2443827f771f216cd8463c25c5d8,indrik spider
19ed40d94e18f72981deba02956d5509,rancor
1a0c5c7a0c8b64f5e8724d371bd4c256,elderwood
1a84d32214a4c68723bf2cb3f483b54c,taskmasters
1aa81dedb0103d8c71d011aace0f03ac,apt38
1ab0e5e724ed825791af685cef1bba4a,the gorgon group
1aebb99481e3e7098952c9845ffd4a50,gamaredon group
1b5439d7e32c0e8cfca5597fb1458844,bitter
1bc52faf563eeda4207272d8c57f27cb,apt-c-36
1bfe8536fb3aadb83a8f5606535bf32c,chinaz
1c4ab6cf907175d114c48c30a38bf379,molerats
1c50843c4957a42a240551dbc04fb780,blackgear
1c6c857fa17ef0aa3373ff16084f2f1c,white bear
1c8dff4e1a476bcd4619eccce204482c,gamaredon group
1c9442b09212f39fb21d2fc23f9e0d4e,darkgaboon
1ce47f76fca26b94b0b1d74610a734a4,apt12
1d290d993eac8634b15b2204c3c011b4,apt29
1d3b63e66e0771639d4e3a67be19b88c,dnspionage
1d6258bc3688226e7cb56fb821215a8b,apt30
1d94961261c5da63ff5faa7616cec579,hexane
1dcdf0ae1c8fb571bdfce2000f0dcbba,apt17
1dfb74794a0befb6bb5743fa4305c87b,molerats
1e68b95d8432bf405e293b430a3fd84f,the gorgon group
1ee30f7ecaf25af38cf684ca56b75cf2,apt2
1f26e5f9b44c28b37b6cd13283838366,apt21
1f2888e57fdd6aee466962c25ba7d62d,scattered spider
1f2a2d49430583bb89cf72cd07a56370,bronze butler
1f4b225813616fbb087ae211e9805baf,patchwork
1fa7aa5695c75c8a24422c1292285aba,calypso group
1fb91986d1261e0db9207d3b69cc8b13,cobalt group
20472cf5d5d8328387f824b12f6b39ca,bitter
208e984792e322d401602d45a043c9db,apt32
20eb0c8ed432dad23afedc4ef0e1d1c1,ta459
213ada506251c477480bd14ea5507bf3,apt38
21a643c6cd068e4e6c7fe761defe4ead,gamaredon group
21aa8aa3a92ebca1963595a328061843,apt17
220bac421d9ebe0a1455a54b9678f6e2,neodymium
22652b383d9ea880a4644a35cd5fadaf,apt37
22949977ce5cd96ba674b403a9c81285,scattered spider
22a59a227bddcb158403a023fe2630ef,apt17
22b2718408aa6dbbfb05066325838468,machete
22ddb087ef3310b3f724544f74e28966,evilnum
230810ad4edc72bebd39a3df178260ac,mustang panda
23273a83bfd7aed10b9403e23a8bcba9,apt29
23326a8d4a09f74d033e46e1dc6d0e16,infy
234029e3a814e394f65a009607c5570d,freakout of keksec
234e22d3b7bba6c0891de0a19b79d7ea,strider
2372c7639e70820f253a098dfcaf5060,moses staff
24233a7d375ee8566c10f5377e199333,carbanak
2454d194e3d11f0fbb0137f2ceea760b,mummy spider
2463c8f67dc1f2fd4eb15b9dfd20b94d,apt32
24874938f44d34af71c91c011a5ebc45,patchwork
249db5fb95694c44b2d9940e6bb361a6,freakout of keksec
24c5bd2c613102df0260befaa2b11a4f,evilnum
24cc5b811a7f9591e7f2cb9a818be104,molerats
24f7e3422b1db69289d47f1025db1598,apt34
24fe3fb56a61aad6d28ccc58f283017c,apt37
25aeb591fef2621158ef4af109525546,apt27
25d154bb5d3dfca043843db195b46ebe,匿影组织
261532875decea7471fb673afd12092a,poseidon group
265785ccc9503d30465156b90afa2523,taidoor
26d6bb7a4e84bec672fc461487344829,carbanak
27467661ee34d805f64e19a3e7b65d53,apt37
276aaea14d125f69fe7e80e5a30180d7,apt17
280531bb85998ff3dc7eb8d057525ffe,apt1
28eb0818b12467190aff3c8888130154,opal sleet
2901ea23c848a561734bc17c80462f96,patchwork
2a329efb8d4c91003f39358bb4699def0994eb86,scattered spider
2a615243e8857e6cb25bde1150928d45,freakout of keksec
2a77875b08d4d2bb7b654db33a88f16c,carbanak
2b3df594e5d73a95c9f2d820072b067a,molerats
2b65b74e52fbf25cb400dbdfcd1a06a7,ceranakeeper
2b66da476d28e736126f5e0dc43085f4,ta505
2bad33999fc7aed2aae367f4047c1e77,vendetta
2badde184d78ed901b4b2282b285717c,apt34
2bbfb9cb4550109da5ae336d3d3dd984,scattered spider
2c0817e2c53ea910c758d4ff90ac0eca,aptjc-ny-001
2c60f38f94dedee47aed8dc1f8969a2b,apt35
2c712cd9b8f31a464f7f2087a69a982c,evilnum
2cd63d9157af4579004ff2c34a36bdc3,promethium
2cd6451bf78b588bb253acaf899f74f5,carbanak
2cf2805529ebc68884979e582e12cf8d,apt37
2cf5b5a9333d159b664725811465d1a3,apt1
2dbea08afe245f246b500727b7d27761,evilnum
2dce7fc3f52a692d8a84a0c182519133,apt19
2de8b6bb8fa9d92ec315477491391a1f,apt2
2e98e73a272363871dd17c17ad3ff5b3,blackgear
2eb1d67b45fd86dd494fe9028434361d,gamaredon group
2f089510d01ca58460d0debff4962700,tropic trooper
2ff1688fe866ec2871169197f9d46936,apt28
305bfd0b80f4547fa20bfc20d6643dbe,mummy spider
30684061b51971698984b531205429ca,apt17
309c16372edcfe697abf7af66cd6a6da,apt36
3105b020e2bd43924404bc4e3940191b,patchwork
310a4a62ba3765cbf8e8bbb9f324c503,apt30
310cc81b695fb8e59ae93694ced2a483,apt38
312892649a2be80704f1601451246308,patchwork
312f2ba0f369fec4e1bf0e712ff699ed,gamaredon group
3158e619788d56669175490817863fb1,molerats
31aee0a6d8e8183ec45a1d9f4ac54de0,apt37
322ca16e348bd5b62378c2d02bb0a96c,earth berberoka
3239f2d8acee4742f9b4d919e61b8983,machete
32518e63a93084ee3f272749dcbbbf0e,apt17
331113d1d54a3610f9c9bd72fc783721,scattered spider
332397ec261393aaa58522c4357c3e48,danti
33548f84763edb22ea6039dbbd064aeb,apt29
335707eabbe7ff256e0650432accec9b,equation
340facb084ec65f0fc07d89835ab05f0,fin6
343542cb50da23a31b462b14963061ad,apt17
344032c9dd2193d5d8c87fbb27de0631,apt37
346d5a12b46f927d673248ea322de9ba,donot
348d6c08f155f0781574c34e573b6f1f,molerats
34d333a18b5b8b75cad46601163469ce,taidoor
34e98a72f6a10260b194e883648e2b24,apt17
351c913e4120081d8f04317121654a39,apt29
3563ae00f9ee376a00bf908278425e7d,ta505
3573fb365cb90f54324ed47ed2bfdfdb,patchwork
357a9f8268438d487303b267b26bde65,apt30
3599a78c7e99b451c00d3490f17f842f,apt1
35a804050374738194fdb76a0cfed010,freakout of keksec
35abfb98dac5bf48f7ac0e67afc9bdb7,apt29
35e481dec398f206d0be12bc98ccc17a,apt36
364ff454dcf00420cff13a57bcb78467,apt28
365d95c0d0659a1081488460eadf8159,dangerouspassword
369e15b44262671369b2a6e1f0ca7084,carbanak
36c05720d35496862f9a7721bb51a9f2,white bear
3812cdc4225182326b1425c9f3c2d50b,apt38
382b4d0a9c8d397577cfa26ba4b4df8d,denim tsunami
3852dae640e3aace3c5a3d9740019e3f,vendetta
389eacd25c14bbe93afdea77029e034b,g0127
38b1cdb61aff9b5096cc971cbb3159e0,inception
38db0a9fb072f8aff34d77229cf498af,donot
399c587050695f902de4cc145fdc1d72,patchwork
39ef30cc0c8cd196039b27ae0657c48a,ta505
3a13b99b2567190ab87e8ab745761017,ta428
3ac8081868d76f90aec771ed31cd1df0,the gorgon group
3afac3ace4f93c95b98c4fb5e8ee8a99,apt38
3b329ae1c7a28d20e40b442e2a8ed319,rancor
3b3a50b242841e1789a919b1291051f1,apt28
3b6a1f6ad4b8141b1aed8644d789706f,apt1
3c0ac9f753dd0c4ad3d46f5f6aa36aa9,nazar
3c689d9eee3499f0655534ad119a0d45,polonium
3ce55c6994101faec00b5b7c2fee494f,apt1
3d5ae56c6746e0b3ed5b15124264a0d2,fin8
3d9e8360b665c21a8c2475e14a5ad80d,silent lynx
3e302c2844ebe6abf4116ccf3da7e068,apt27
3e4015366126dcdbdcc8b5c508a6d25c,opal sleet
3e688904b05ccd7fcd6fb7cf5a210474,apt36
3f57fe4b6df2faff5d96cb168df77832,ta575
3f7601f0aeb5e391638a597c15f80c9f,apt5
402d806f1b61753bba0ea9bc7a8f76c2,deadeye jackal
407c5d3cd146b17f64df18cea5be44da,apt38
40a41c2cccbaa3101a5391156112489a,ta410
40bd7846553550f38e458b8493824cb4,turla
40d0bd5be5b7fd2e16d1e90daf79275a,f_apt
4107f2756edb33af1f79b1dce3d2fd77,carbanak
413713f27a9f78c545f1bad0e79e66e9,finghost
4137f85c018933d29b9e231c372aa35b,apt17
418e58b78731546089eb1b7fa6e1d99f,dragonfly
41a2159b94c6883f03d2d901428a5891,patchwork
421df0bf9a7e850108055593ca47ea24,silverterrier
4275e025f350c830281ec03777db2b69,apt2
42acd0ed699d94602a0494f65a328615,apt1
42ca05f0a045eefe63ed213c97541179,patchwork
42d80807d6b72fb120fa5f84105b2dea,buhtrap
4354cb04d0ac36dab76606c326bcb187,apt-c-36
43fa3813f801fd088efaf9bfea3ef4b1,apt36
4439090b41a4e87883ddc4a0cc9573c0,apt36
443bfcd74364c90aae3377915a422c1c,promethium
445be3f122e96867ea6a5e2930f6d880,apt29
44d2ce4d450bced2e7b1f9572cbd17ae,molerats
45991757d4ca2dab9e81f2fcbbc1ae23,scattered spider
45c1afbe96d9bc77588fff5a0cb8bc7c,muddywater
462b767e71149ee7d99e089a3666134f,the gorgon group
463e2438a409feada7d47ebdeb91dc5d,f_apt
467cd41726d276d3da442e2f0e65f0a0,windshift
46b972d339d211c5a1ed2d6a51b03f42,gamaredon group
46e8a961f876b2ef8b9d0d392fac5119,g0127
46feb3eeb079811cb1ece1103552c7c6,evilnum
4795fe6f5ce9557f6cbba6457b7931cc,gamaredon group
47a026d93ae8e0cc292e8d7a71ddc89e,apt28
485465f38582377f9496a6c77262670a313d8c6e01fd29a5dbd919b9a40e68d5,apt38
486b1afce3484a784a1662513ca1272a,scattered spider
48c21badebacdc9239416a9848b4855c,apt17
48efa1dbc5dfc59df0c34b13a96cbd5c,bronze butler
48fe8cd9e6de8d5fae5f34785d4ac6d5,infy
4914bcbbe36dfa9d718d02f162de3da1,apt38
4984e9e1a5d595c079cc490a22d67490,sowbug
49a2872b0c74fb7156768ccf0298f6ad,apt32
4a409a8da2c811613c3f2ba4c239bd5df3795cb2,apt17
4a61996356d0065a9180e4924dd77aad,the gorgon group
4b46b06504b7bc77dca47397849e9ccc,the shadow brokers
4b8989be31e55b886a55d9d006d72af8,evilnum
4ba698617a5d2977d7d5d4d781b07739a7f6166c330702149f83311595e76353,scattered spider
4bc743b0f4090cdd0c0fbcebfa996de9,elderwood
4bd6a959cce13d1f5b5511a428e88c9c,molerats
4c26b2d0e5cd3bfe0a3d07c4b85909a4,apt38
4c750b8471bfec0ed2dcf1a856163601fc140eb892710b8415d505a9088bd7f3,apt29
4c8ac7f7d724ff26ae116090ec7edf88,rocke
4ca0c66a494ed9b51cb0673defb765ea,dark caracal
4cf5e181047504456ff181f2db8ae59f,turla
4d028c7a47c1b0d00e894ad351a61996,apt17
4d0a6253883a9d7c4f2c4dc7f654067f,oldfox
4d796bc9fd0e0e8f44ab5154dfeb0777,the gorgon group
4d903599c77ff5ec32297d3d43ac9cdb,blackgear
4da3a24c72d1dca797a4739a23d1afd2,patchwork
4e1949cfd1dfc5de07d32f2fdc96699c,equation
4e2d8ca775d0214e2532acd778b91424,apt19
4ebf129d1e43075b2d45437593f74a32,rtm
4ecd3c15c86bf968ecead45e71ec3d7e,mustang panda
4f1025c0661cc0fa578a52466fa65b71,killnet
4f5e29a449d3b90cc8f93c76599019f9,freakout of keksec
4f82a6f5c80943af7facfcafb7985c8c,patchwork
5075e3a2ac31a24a7e702a9c874f6282,g0127
52494f624378ef6ee298f0fc73082d0e,scattered spider
526cccfdcb0cdece863e9f0fdae6fcde,teamtnt
52f461a133e95328ccd9ba7f70e2f3e6,apt-c-15
531bc740040ace5d3ef29548715f40541ed072858c5455b39b53e82a70cd65f3,darkgaboon
53505356c3f1fbf3254deec5bc0408f9,teamtnt
53a5de59b0810fb22fa246f6793bfe43,blackgear
53ee31c009e96d4b079ebe3267d0ae8e,volatile cedar
5415b299f969c62174a624d236a56f42,apt28
542c4fb8c2c7f377639ef4efe7ffb1c9,operation comando
54583ccc97c33e358510b563b1536e69,apt21
54a51c5477c2e6b746a65f1ceac4fa8d,calypso group
550425bd3474f729c0cf1b1c131fb011,apt17
5561855525fbdcde790b9bef5059df1b,apt36
556dc82d39f06a7e80dbd8565f533f4e,the gorgon group
55c0f0c5d6c2e22489a3b0d739a2a728,molerats
55dfc53e373e9ac08290784e0ab2f76b,apt32
55f0225d58585d60d486a3cc7eb93de5,apt38
5618bc41af50c790c8e8680ba30030ed,apt17
561adc55d8a9bf9d6966f7dd234d1e20,patchwork
56398c3eb7453017af674ab85df17386,greenspot
568218bb07c021bbab3b6d6560d7208c,molerats
56aa95ac83a8e48245224385593e7551,uac-0154
56c9a15802005555210249dc0e66426b,billbug
56d70d7d4903a6f420a4cad926837f2f41d9eb7d70d9cfe201326deb68c179b3,apt37
56f3d3d682d6112e4d6f9f316be58df4,tonto team
56f5088f488e50999ee6cced1f5dd6aa,apt38
5716551ea574e3141f8912af68c45d4f,apt37
5726f55d2840f5cd6ceeb6cb921af9f9,indrik spider
5739c1f17503e21e56667d53ea823401,apt31
574e031a4747d5e6315b894f983d3001,kasablanka
5779db00cdafe2b228d0841272648323,gamaredon group
579b88cfd43c4628855920abc120bcde,lotus blossom
5816f687ce49588aae2584bb5e9f652f,apt35
5824866edf69a74c0a4b39fe1476fbc3,carbanak
58604ae63aea84483c67980369958acb,sweed
58962f55492dfec68ff6ff4f1dc7b679,finghost
58997b926632f4f1e1aa9697b40447ac,apt15
59bbc67fe62a586291031e52b84ffaec,teamtnt
5a3198bf9e755b2ce72fe9b6b33501f9,gamaredon group
5a5fe759ec145693790bd88773ede80a,g0127
5a69a3d1520260bea2c34adf3cb92c03,apt17
5a6bec1a9c38f6857525cca40f64b2ed,apt36
5a7dacc0c0f34005ab9710e666128500,equation
5a8975873f52436377d8fb0b5ab0d87a,packrat
5a8fc748a8640553ff6fb161928eb1fe,calypso group
5aa0510f6f1b0e48f0303b9a4bfc641e,apt19
5ab85301618c5217a82ca4919100635f,blackgear
5ac0f050f93f86e69026faea1fbb4450,apt38
5ae16ed25d9193c6dea13cfc6dd74592,aptjc-jr-001
5b3a074c3ce4dbf79724ba3a422bb495,the shadow brokers
5c00063b11c4710fe5a5a1adaf208b12,apt32
5c34a97d3803958b5cc560359c816c88,raticate
5c371a6dfb45f188fe8e6da4fee9300d,apt15
5c6eccdd6949492e7285870b9248d20b,apt38
5c72418a11e1480c85dade449b8657bd,carbanak
5c7828e1f193ef222b083c6ef8c888f6,apt17
5cc9964dd41be3d9dacbd0425ec032a9,molerats
5ce55d096480e6a072e1f57cef776e80,calypso group
5d4a799cc742aff3326083b958e71542,apt17
5d5b5dd068c341034cb3cc6225927399,apt17
5d709e6b005e55670371a9e5a34bd95c,fin8
5d735b1292845266b7414e81e1e0274a,patchwork
5dec86b6c5cfa94bf97345935725f20f,bronze butler
5e0d6f47f34443ee4a08f0458dbb58dc,the gorgon group
5e159906ddfd63936ff7472eb0f2ed47,chinaz
5ea06d5bffcf42780c1636cf9553d7eb,wizard spider
5f00a81c906f72821b577873b13f79d4,kimsuky
5f1f6fb3cea3e9c3bd84909b7d37aa8d,apt30
5f8bf3dd940ef09ce25a8b3912c92220,apt17
5fa2bf7ae2665a8141f4cb76158efc3b,gamaredon group
60236fe463e180272b98cf8f93208a80,gold southfield
602d2901d55c2720f955503456ac2f68,apt28
607aacf94113248d45f31e2baba4136c,operation spalax
60d670ba325ab1ff6f64b810681a780c,ta505
6102f79567dff2168beb17aba31e058f,apt3
61043cdce6f32df1c6040a3e2ad14179,indrik spider
617d588eccd942f243ffa8cb13679d9c,calypso group
623890489d896bfb39e17ed88f670656,apt19
628054cd91b51ef2ca44b03e3c631522,the gorgon group
634e4c640c4d7845a88faa5e0838ec0e,patchwork
636c2d2855ac8a8693c4ef9e89c67205,apt35
63cc73d92a5c2a0bd151c816317e9a7b,darkgaboon
640891ffcdd7c453ce4852f3e62877a2,white bear
6481118650bb34582537b06894c43837,platinum
6494f8cf8532cd11b2510066ecd84c41,patchwork
64ff0a8730472e36e62ce29a20f61529,apt30
6513d8c68a32d6989b637d1e827f2c11,apt17
658b0502b53f718bd0611a638dfd5969,carbanak
65a1a7e7b7ad97bf0a21d8174d8c5be2,teamtnt
65b16d31f037f2917c83751191814c92,gamaredon group
661635e774fef37e56928333d6040cac,webworm
66dace2660e1b1da6f0e7529e9681596,apt36
66f39c19b6458e1c93e3061323ae7fc7,wip19
66f915ebdde2f98e2f802a52f1a4e85e,apt17
6701070c21d3c6487c3e6291f2f0f1c9,inception
670ac2e315088d22b2cb92acffc3e997,inception
675593b67e2c028e1f4270ea4c7ad757,mustang panda
67cf66031c6c1781bf99dc9427be079f,apt29
67d70743bafbf9ffc7d66f85ee10b2ea,neodymium
67f3a95ec6376d7a8c04f6d6b03a9c62,gamaredon group
680423baf70049b5d9b43b6f9233581a,ta575
6821bb51154aebd2949ec64250a0a2c4,blackgear
68390daf93aa7ecd3e71f16632b2941c,darkgaboon
6846fc7c1e48437d70d5d4025a14af8a,teamtnt
686c31591e4ba4d3acfeeda30e4ab4a6,rtm
68848ec8ca6fd1d3b06b594331a462f7,bitter
68e1d87bef08710244af243e019e0b0d,apt17
69a042c9ed90a30444606407f77e199f,molerats
69b0cec55e4df899e649fa00c2979661,apt34
6a175633e17292d51c46aa6c38534b46,blackgear
6a4b67fdbe8fecd59887026f09649324,taskmasters
6a89fbe7b0d526e3d97b0da8418bf851,apt17
6b3dac8234520ad32b215eb38e9202fb,apt36
6b4c344dbefa1c8ccf0f0559231bd51c,silverterrier
6b5ce7fb6dd1e588fd61c3a44720fc7a,bronze butler
6b9748421645c3278adfbf2cbda1a27a,freakout of keksec
6bc1aea97e7b420b0993eff794ed2aeb,infy
6c74ff2cc39b5362ee5dec576ece211b,turla
6c7ca0a40af4fe2b4527ff5260a39e48,apt29
6ca4104cf782a200e7c0a6bee14073e9,patchwork
6cb14af389115a1d065bff5ba6cc92c0,aptjc-jr-001
6cd74e888a4a69a27cf445d4768c6df3,darkhotel
6d7a47c27cf381cf386e311e6363020f,uac-0132
6de00ae0bd81fead3fdf5c791595c8bd,patchwork
6e855944d171a3acbb64635dbe7a9c62,bitter
6eb561af4b0c938506022d9683883e2a,apt36
6eeb4d8cd43879a7b8fb4cf2a2753106,g0127
6f44e57c81414355e3d0d0dafdf1d80e,muddywater
6fa336702bc88381ff14c91c499c4849,gc01
7009af646c6c3e6abc0af744152ca968,white bear
703c9218e52275ad36147f45258d540d,apt15
704a435ba88091baadc3b0dc86074b46,noname057(16)
70d8729ca630dd3b0f9a62998642ec76,moneytaker
70edaaa835d0861be0f675e7a6eb2cda,lucky cat
70f18e1bbbf86288e661694456e623e8,the shadow brokers
716f1eb978f6913ab62d78ed60861c74,patchwork
71b7cb770717fb9a38ffe5b132f59ebb,scarlet mimic
71c3b2f765b04d0b7ea0328f6ce0c4e2,roaming mantis
723ba37d91240a46c14b4b6be71b21d0,opal sleet
72499e9734ea73e1593cf75c3b26cef0,apt17
72f020b564bc9771e7efe203881f5ef9,inception
732574b29c7d936827e74d596b5cfcd5,apt12
7327a3dd34b3a6c218d00ef9cfa2ef1b,ember bear
735d37a1fde0f8d8924a70e9101c45b1,apt24
7428622fe347633ede8f16c64adc3278,apt37
742a8890f0d54a8c78ee7ba46f338442,gamaredon group
748534462fa1cdc4903739d077ab8364,g0127
7498a89572e1a2fcd4a0ff8ceea96f87,tropic trooper
74de2b7a42c8264ced0e27ad00b8ce6e,mustang panda
7522cc041b579471db8e03943917b7be,indrik spider
7562ba1e1f29851edb5b16a440b931ba4dd8620b314e0aa37df8546ccfcf7023,apt37
757e297137e8ed21622297ae8885740b5beb09bc07141cf8ce7b24dbd95bdaf0,fin6
75b55bb34dac9d02740b9ad6b6820360,carbanak
75d981ff0b6be08fb9b32a3c1cda9ddb,patchwork
765f3db4421bdf8bb953dffe37398453,apt35
76ad6d0e9c014875c1cddc4cd593d262,apt37
76ea1df201e39c7febb597b74aaddcb6,apt38
77205ea54ceda3be358d84db1c0d6b2b,patchwork
781f6dd5bff76b38ae52da352c976850,evilnum
7829cbe235f8e5b538394762fe22d714,taskmasters
786a2d29a17bce3c9a2686217b99d140,patchwork
7890eda704de4fe3f0af555c0be6ccba,apt30
796a6062d236f530d50209a9066b594a,molerats
7b49281f341b147a08a286f44118d048,scarlet mimic
7b7e78fe4e6f99ff203627c5fb9c9878,mustang panda
7b82718066360654e8ba8368fd8a9309,rtm
7bc77cfdfefb70225ddb57ef20c554ac,equation
7c3a5bbbfb53d4eb91cd174527460824,mustang panda
7c5bd4a875c015489699ecd933c50ccc,gamaredon group
7cd3bd9817ff98caed98c878e49e8c0d,g0127
7cd86c3fcaf77c4365c28c975d2d0793,apt37
7cf3aecad9d39a53f50786d6a8027029,the gorgon group
7cf75ee5180b4896f93b762ea0057e04,apt36
7d62cec8f022e9599885ad7d079d2f60,blackgear
7de66b5c7d3ddae321fa6cfeeaa94819,ember bear
7e20f52d4e7074663d9f9a252b59a2d6,darkhotel
7e75928b5ce3dd41c9b9b1e67cff16d6,apt1
7eac1a79bb220e01aafc8ec8279e408d,raticate
7ef8d6aa2f13de984238f4db7bace464,freakout of keksec
7f9e09c4737af83e4df55e4e19c01dff,carbanak
8006358870e8dc4d3b7469e9b4dbab68,gamaredon group
8051e04bab3a6db6226cc4d08890e934,equation
80696c6f76a68641d986e33b535ada57,apt17
80d634a1d9222d524c0a690aecc5f345,三边
80fbeba3da682570c4db0482cd61b27d,patchwork
810ba7d14f1454a01f8d75c4ffc8f797,armor piercer
812c97c7e2ffa8bd212e49eb2170fc6e,aptjc-ny-001
81f28082110684818ba63f86522af13a,gamaredon group
81f2fda10383d4d478467ec1f0a9f905,operation spalax
82118134e674fe403907c9b93c4dc7be,apt17
82b1712156c5af50e634914501c24fb1,apt15
82f5c7966540ac641a674264b0409609,假面企鹅
8307361a634d5489434c7711fe3b320a,apt33
832415bba4378181e3c975f247b9d0e8,apt27
832c01c4a1149a793773a2acb39bb10b,apt38
832f5e01be536da71d5b3f7e41938cfb,apt12
8330c1fdf1731aba816435aecafefa61,confucius
83a2d91ac18193cc1745060612c5d8e7,molerats
83dec16330830441399a328cae751d5d,the gorgon group
8404ba81a7166a3b73e71ac2044cfce4,scarlet mimic
841980b4ae02a4e6520ab834deee241b,apt27
84d4902be41e2ffa8ce720a4e5406158,cobalt group
860de66b75bf4e1af643576caa9fe563,g0127
861793c4e0d4a92844994b640cc6bc3e20944a73,apt15
8665ee4d8cde3c2e9e41e71283775102,molerats
869c9b1209009a6887f31ffb7c43fa04,white bear
87ef4162c257b6aebd8323f3f877daae,curium
88373d961f0bf9441becaf9f0d75ffa2,muddywater
88b6af1f1583e80dbd3e5930f042cf95,gamaredon group
89af0cd6f39d0c6abc1dadab4f68edf5,gamaredon group
8a8ee6f199438776f6842aab67fb953d,apt17
8aa069860d591119af2859856ad5f063,darkhotel
8af476e24db8d3cd76b2d8d3d889bb5c,hafnium
8b0a4ce79f5ecdb17ad168e35db0d0f9,equation
8b2ed8fee08f7077e75e0fd3321808fa,ta505
8b92fe86c5b7a9e34f433a6fbac8bc3a,apt28
8bbc427565b008cd61af90d50256865b,patchwork
8c4675a080b642bbf9f096d0e60711ff,evilnum
8c46f0ea6fd7dc1f7d96c9043c84a2c3,gamaredon group
8c713117af4ca6bbd69292a78069e75b,apt30
8ca915ab1d69a7007237eb83ae37eae5,molerats
8cb489b36754821dd9eea881508e4eb5,donot
8cd392a5b62c44dd88c6b847db428fba,white bear
8dd76f65697e1181584a63d5dea5bab0,gamaredon group
8e2a0ac8b32b01031d8671cae9b31e6d,patchwork
8e744f7b07484afcf87c454c6292e944,apt31
8e76e2052a29262381e74760efdbb685,mustang panda
8ec91c3f8807f3286385957d9037797e,mustang panda
8f0d4078ca167c0dbc7e3d9ba04ba4b4,noname057(16)
8f2a310705c35f70425161b59f05abc6,rtm
8f414184411a51becc03ebc1b42473b9,teamtnt
8fbc7a4f2713707ff8b1d3153af66250,apt32
8fed2ff6b739c13badb14c1a884d738c80cb6f34,muddywater
8ff0fa4e0c195ca554b3ca7ec0694d3b,gamaredon group
900ca3ee85dfc109baeed4888ccb5d39,apt17
90c88267efd63fd8e22fb0809be372bc,taidoor
90dc49b92000c34312ab1f15ae52f7ca,tropic trooper
912772598521aa248d304866e55eb736,backdoordiplomacy
913f276a232a56e46564f602871a5f2e,gamaredon group
916e8b1a9d91f3649b33dd8bc0f09a8d,tropic trooper
918a571bfbc16e88f1abd23ebbade166,greenspot
91b7beb61cb7f7f7b42429d389477063,infy
91bcb360ff2e926437cb11aafd185f09,blackgear
91cbc286ead69dea4234212379a51fd1,the gorgon group
91df5b5862e944ec114f12a43df2b5ee,apt15
91e1793bd5f3f274ddb22b47662cb860,apt39
92108158f850c391059b997f21499e8e,molerats
927dba3c9b98fd749017e3dee270136b,molerats
92dd91a5e3dfb6260e13c8033b729e03,sidewinder
936543039f2f6e5f13f6a70c1cb8cc0b,molerats
939125c08b12191ad8935f45f3d348c3,apt28
939dfc5f356216686c509fa6ff4b69bf62f1c68f,scattered spider
93c186c33e4bbe2abdcc6dfea86fbbff,toddycat
93f121983ec74731c3af1f966395ded8,dragonfly
93f6741259bc11ced45781898623f9f0,apt36
9408f9f702ded7196070a254dece8c39,turla
94cdd87eba7302f875d0d16486608f20,operation shadow force
953fee8ef679f8c6b6a19f6fdb0ae9a1,patchwork
959c82b646454ce3e5570e92e0578333,apt32
967643ff594efdcf66c94b3bf023b1f6,teamtnt
967d60c417d70a02030938a2ee8a0b74,sowbug
96881c6d57497341cd7d8632dfbd8a8b,apt28
9695d5abd9d39e37a675ce04fd4d9d50,apt36
96c2f4acef5807b54ded4e0dae6ed79d,apt38
96e692be43e9716978a313557a4ee699,mklg
973b5f2a5608d243e7305ee4f9249302,molerats
974201f7895967bff0b018b95d5f5f4b,indigozebra apt
976bac6cfb21288b4542d5afe7ce7be7,scattered spider
9771562248968eaf28c14819106f2287,skeletonwolf
97b35c34d600088e2a281c3874035f59,apt37
97ba95d3684f460bcfd2ef60494c5f98,apt37
97feca6e73bb787533c6bd17eda80582,apt37
981df35d50b5aa4c522dfb6b756a4fc2,armor piercer
98416b41f386bb45ed36c2b6bd0f55ca,webworm
9865bb3b4e7112ec9269a98e029cf5cb,carbanak
98977426d544bd145979f65f0322ae30,tropic trooper
9897d36e1263caa92d029798f76013b2,gamaredon group
989e9dcc2182e2b5903b9acea03be11d,muddywater
98f58f61f4510be9c531feb5f000172f,apt15
99197cd2eef1b446f396b20d6bc3bb24,bitter
992e419f861624b1bc813f317521e688b4f61f38f8c2a10a52c7d4af2b935d0d,mustang panda
994e42c36b90a55a54859bc9b64005f9,gamaredon group
9968407c50d98e5c1388edd9bfa2656a,scarlet mimic
9976373177d217207a692a6d0867e9c4,pysa
999fac528e1d33c19cf5890b3b01ec30,g0127
9aab5d6375c33da9441796c2666db68f,blackgear
9ac1d5286ee3d9d5e854b4e8ca6edf02,carbanak
9b06c85682f8486d665f481e56ad65c7,apt17
9b2e4204bd139f011c46e3b0bdca0858,blackgear
9b3ec7553b079f413565a7f61c8efd3c,fin6
9b9011532583aa3d4c626e932cad26ac,infy
9bafe9419d358eaac0618d20eedcdce8,taskmasters
9c0cad1560cd0ffe2aa570621ef7d0a0,apt30
9cb05c69ddfd3d0c66b070fe1fde554a,patchwork
9d497f01bf8df4c754e0a92cf01f4f11,evilnum
9e60d7b0154949ebca8edd579db43949,patchwork
9e98ecf93ca86751dbdb7049f6d24e9b,apt39
9ecdcb9562e11d975479c0c83edf484d,patchwork
9ef9a631160b96322010a5238defc673,molerats
9f83d9cb2678ba475978a75b34971d52,apt35
9f8e51f4adc007bb0364dfafb19a8c11,apt38
9fb74044c1935298a7c00b74fa192baf,ta428
a01f80bb586f104343b2a02badb7853f,gamaredon group
a029007534b95c2bd8e29e80f97f292d,turla
a03f516285d496d7f15c2e992846d109,molerats
a0f71497ca4c4c62c094c1843693381e,apt5
a10797c2e7c33f9cc2774165ef4152aa,patchwork
a11d741646dcfe7b4da1afdaee7b0f39,indrik spider
a1c29db682177b252d7298fed0c18ebe,apt-c-36
a29408dbedf1e5071993dca4a9266f5c,apt17
a2ae7ec60b9b8b8f1b23721c7e7bc8e4,gamaredon group
a35a766a9f881a8e6b01bbbc0d6be829,scarlet mimic
a35fe875629efea879e38a1810a572a5,apt32
a395eed1d0f8a7a79bdebbfd6c673cc1,apt19
a3ae5849d97598b908935a7d02757b4b,apt29
a3f0468657e66c72f67b7867b4c03b0f,apt-c-36
a4ad1d1a512a7e00d2d4c843ef559a7a,apt1
a56d1a1a42aa75ff52412668bf64f5c9,gamaredon group
a5862f5701542a36354dbf17d52f1e4a,apt27
a5facd2acc00060f0f98d02265c333a1,apt32
a6207c4abc784338abfbea70ba8a4243,donot
a6aa53ce8dd5ffd7606ec7e943af41eb,molerats
a70a08a1e17b820c7dc8ee1247d6bfa2,apt34
a70b547506888862bc2ab8dc84b73e15,the gorgon group
a73f738b47b39925db1e8fdc481eb6be,turla
a76b8033987f5f8e7b063bb73dea76be,blackgear
a7f58a9d83ca22846282994a0393fb82,molerats
a80cb4634247f97e441fe8cd5c4ea715,molerats
a8484b0d0171f2fd759ce4a8e024a81e,gamaredon group
a8b54533c6a84888d2db8305e5b42153,wirte
a8fffafc3e922f1c59f0a414253b9ca9,apt-c-36
a9541530619a3ac2615b92603b705fe6,scattered spider
a9a53cd80a12519429a9a40f9d34e563,apt5
aa2efe290df3c38c26c70b1f40f69812,apt38
aa7faa3465f31f2f3343fe3646af2fba,modifiedelephant apt
aaad5fe071f985c57164a2766d4d8a89,modifiedelephant apt
aae25d935fd19f4afea86172c00b301a,taskmasters
aae42caa5ecbce3217f6dedb939cd5ec,blackgear
aaf4a6857baeab637ff895e0c032d2d7,darkgaboon
aafc80ff2afc71b0d5abd6c8d2809e65,apt38
ab9cf050fb3f4fadf3eb080e09995cda,darkhydrus
abac650ab39c0dd074310710081d715d,apt15
abc8c4a4d91f41c7a63b9e6c48cad3b6,wip19
abda9b0d4c886d6ac5481b099b2a4a98,apt36
ac74fc8f8f9733e7a6be3e25e0c6d98d,wirte
adac852966bae69f19468a9c87d5d66b,apt38
adc4f82d1f4eedeb1ca33cd8edf776b0,patchwork
adee9169ca54c2d64ff5a7b5fb6995e4,apt32
ae3db6d0bc86592b0d900bd39df269f5,apt38
ae625c151814fcb5cd4f48329285665b,patchwork
aec57b831cc906b6a9887bcbe51619bf,apt37
af2bc70f1c97a2f583f7b87aea3c8a6c,apt38
af9959184a17de5dcd717882b2d58103,apt17
afd6cd07cf9607d264b1a3b99ab04ee6,patchwork
afe6d7985388013e32ae388a29600ae2,modifiedelephant apt
b025acfe918b1a7e694841d5d30ef34c,polonium
b0b1edad9694145d2300c1743fb86d80,the gorgon group
b0e90d483ac14f1929de6ed8e8af878a,calypso group
b190911ebc6cce700f02bc90a3294fd2,funnydream
b1c79caf16906b056c6f5d2491f05e07,g0127
b20586ac28af831d04f126974cae8eb6,apt27
b257f366a9f5a065130d4dc99152ee10,apt17
b2605bd5a0c2fdb453d6301d96230267,turla
b2b9702164512a92733939343275245b,apt8
b35c698732f49f998f6e6b6b83cfa9dd,carderbee
b3a4096a27184df6f25a14346b506853,gcman
b3a8c88297daecdb9b0ac54a3c107797,apt38
b3b95c31fd3239a8b544ac7928e90895,apt29
b3fe947115d9391d47ce344cd46a4aaa,g0127
b4096859121998c065896d3d19e46e50,turla
b439eaef9331cfbcd7d6b6f23e4ffecf,darkhydrus
b457518a80a0ce3c3c9558ec2e73602c,noname057(16)
b47659be0ab6e1ea5d5c79382b41c128,molerats
b481c8c1f802b78a6843cab4656bf5a4,patchwork
b51cbbbab70a7b89b0957b2fff4994e4,patchwork
b5546842e08950bc17a438d785b5a019,apt30
b584b48d401e98f404584c330489895c,apt1
b59199877e0d68a5e93fc8ea76374ed1,apt29
b5ed632630f4eba5b9f2ab97eafda374,apt17
b613cc3396ae0e9e5461a910bcac8ca5,mustang panda
b62c912de846e743effdf7e5654a7605,apt38
b647c95b334625c5d94a694ebd483e17,promethium
b6f201184cad06faba5ad58950ee970d,apt2
b7818efa622a88d0c59e9c744cc91d43,modifiedelephant apt
b7b71b35fbfd119319015b04de817b3c,inception
b80da571f2cd7eab4aec12eee8199289,taidoor
b8292fe24db8f86b11e6bf303c5f3ac5,apt30
b82b87112144d076abe1d19e703a4a03,vendetta
b84a148f40c3a694b930c5374f7a90cb,apt29
b8dcbe62b49f9d9ff2551ac30b8b1bf4,the gorgon group
b910b39a2c869480460ad9cc05b4b194,ta505
b96de3d0023542f8624b82b9773373e9,apt32
b983bf11e915bee310abf448287b2c94,ta410
ba4978ed1084707dfaedfa2fded65851,apt36
ba69669818ef9ccec174d647a8021a7b,apt17
bbc109b66d0e3ac4a6e6b3902c925f1d,vendetta
bbe4dddc09dcef160db0fd4c24c4f052,apt-c-23
bbe6fe27d503da9b1f1c30adaa40730e,elderwood
bc2eab8dfc5a0f85eb04eeb1fa19eb91,apt38
bc30a7d5cd53ef5780fe364586ee448e,mustang panda
bc4d2f84a6ce49f06a6be32ccfaa1630,gelsemium
bc55ef589c39b5b41b1385c88c2236ac,molerats
bc5c61793539e60d6d8bcfb31a30fe0f,gamaredon group
bc740d642893e0fe23c75264ca7c2bca,apt38
bcd62012004685bceaccbdebbd54a0ab,noname057(16)
bd6dac4c6d6adb73df1ca49e4697591b,carbanak
bd816e3d3f328b6d534d012927d513af,the gorgon group
bddd2042f5024d2afc6aa50920e27897,apt2
bdece9758bf34fcad9cba1394519019b,apt38
bdede8c167b85250401c7605d81d05f2,machete
be811bf48e65cb47d62c92c42077a0bc,the gorgon group
bebcc9e6545d7baae13c095b31451e2d,apt28
befc203d7fa4c91326791a73e6d6b4da,muddywater
bf27bbcf6f92c3935e0f8515e90a5da1,confucius
bf5d9726203e9ca58efb52e4a4990328,molerats
bf6c7302cb2bbad454ad4302152285fe,modifiedelephant apt
bf9a9655ef18dc7010f472cededefbe6,apt38
c04a7cb926ccbf829d0a36a91ebf91bd,carbanak
c0618556e9ef16b35b042bc29aeb9291,hacking team
c09d23a8e44c3170e9af0132788fceb0,patchwork
c0c2bca1b2668d10d0b26e0f6db34a64,apt36
c122f2b9a66f1689b92f547d3d32f455,patchwork
c128c40bd8acb282288e8138352ce4e1,apt8
c16f6825fd1dc4795761c211adf4616a,carbanak
c19e91a91a2fa55e869c42a70da9a506,volatile cedar
c1c694ea0601b5b310af9671579af523,freakout of keksec
c1ec435e97a4a4c5585392d738b5879f,molerats
c2bc344f6dde0573ea9acdfb6698bf4c,roaming mantis
c2e023b46024873573db658d7977e216,apt40
c32696b255bac4b849fc249e56944a91,apt1
c3c66455927cb1b03d160b3294f51972,apt28
c3ce4094b3411060928143f63701aa2e,sidewinder
c46a40de75089a869ec46dec1e34fe7b,molerats
c48a87cce4ace4a40702f9fae82509d3,bitter
c4d50e64e6faa6db7105e554600433e1,apt19
c4d8b12a70cf01df681712f1a2ddf0fb,infy
c5062bbbb15911a63de77a66773874d9,apt1
c5120095bf08655407c2f0215d10ac1d,scattered spider
c51416635e529183ca5337fade82758a,apt28
c51ffce3241cee45a861c214670e3ea7,gamaredon group
c53536da2d6d75410e813e7839a7b0bc,apt32
c5383f22bee036251ec8717496f7d06b,the gorgon group
c53c93a445d751387eb167e5a2b901da,apt8
c594b0c496f5348ea6201f0acbcce899,silverterrier
c5eea04a8f05ea68810a473d8220c4f4,ta505
c671126a995025c3ebed5748f7565510,calypso group
c673979c56bcf3e240e2dc3a657de264,rtm
c727a8fc56cedc69f0cfd2f2f5796797,mustang panda
c75cbbd3a89570713213caf07567dceb,carbanak
c7772d7b9421ceae8bb82a98cf0cbfab,apt32
c78672db6f715b3d8d3a3b29c3bd690b,the gorgon group
c89b37db8c27e2ef390285dd1cfc0f26,tropic trooper
c89eaa7f40fc75f9a34e0f0a3b59b88b,apt31
c8e7b453153417e8dd50244f207b1c225b52f217fdc6d0036c476eb93a4023b1,apt32
c92af7aced62da13dd6a109a004b0b3f,teamtnt
c9b1c8b51234265983cf8427592b0a68,apt30
ca41c19366bee737fe5bc5008250976a,mofang
ca5912c5b9bb9383216ea8c44fb6c743,scarlet mimic
ca775717d000888a7f71a5907b9c9208,mustang panda
cacbed12b83529ebb99b0297d52b0749,apt28
cb9e18e21226a89ce2c26c695a989e0d,apt38
cbb84d382724dd8adc5725dfca9b4af1,apt27
cbc978841eb02e5a0a2345caf9c78b45,dragonfly
cc29cf2294175315acbf33054151f3cd,scattered spider
cc58dd8592555ff6275196e62af3242e,bitter
ccaa16fbd2eb85dc496ee72ae125c711,apt28
ccc3867ea6890699e60389a92c99f549,poison carp
ccdd2204b87b826605517474e0ce7cfd,gamaredon group
cce3eccb1b1c0d63d5a53bf09d93c05b,ta575
cd54c44f1103d01584bc831f4a821c02,tropic trooper
cd6deff2de707c8d501885ffe6b2ac0a,apt30
cd9f18209f2d8ef60e8199662b2ea120,apt19
cdb58c2999eeda58a9d0c70f910d1195,apt28
cdbf96c0a9835f154e0f325696ff4eb2,apt-c-15
cde6f7fb2fbdefffe22a012295ab157cffc07cab26ba0e34ced0bae484355187,carbanak
ce23d3d856a767aa71ff4202aa3a5fc0,ta505
ce8c21c534386baade5485f6136415cc,noname057(16)
cf3a6761cb8d9433052751e0458bfdc2,aptjc-jr-001
cf8502b8b67d11fbb0c75ebcf741db15,molerats
cfeb9336bc59714e439931254f657002,muddywater
cff6e95275c09fb0d3e5dbbafa141491,gamaredon group
d01ff6f0bfb1b515e8ba10a453c74d53,molerats
d058ea38a7483e1796267c4cb3000287,raticate
d094219a78480463fadea654e85c5ba0,finghost
d0bfd6e11d20bc962e4821581c6134c5,apt33
d0cb3cab255e5300af43426963df136c,g0127
d0eec2294a70ceff84ca8d0ed7939fb5,apt27
d16f4bf877445e9fca422dc736db64cf,apt35
d190a04891644cf9e12d83452424e8ab,indrik spider
d1e675aff0d308fece6194a7b629a6bd,goblin panda
d27e3e4216af4eec9d9358f4d88e57cc,noname057(16)
d27fac80339ad1f2ee86374884996c52,scattered spider
d292dd3a4fcc453805aed9a36d36e171,donot
d2adecc6287dd4d559fe6ce2ce7a7e31,packrat
d2ed678542a5d1db494dc47359861467,scattered spider
d3109c83e07dd5d7fe032dc80c581d08,apt29
d31f1d873fa3591c027b54c2aa76a52b,white bear
d3947c239a07090deb7d4a9d21d68813,evilnum
d3bf749bb4679ae405015ad2d0ad5631,muddywater
d3c3088e5c7cc2ff9e918aa5ce3fd6ad,mustang panda
d3c8ecf591381b31d3aa796471b5b0f1,molerats
d4025d75ae3d35b42e189cfd15894387,darkgaboon
d45352bcdc17fb98965d268f2882fe8db978772bf8be5b6a24da817c783d1368,apt37
d47494b717c82eca8278dea610e1265d,scattered spider
d5783c974f54f8eb9ba0eb4396b04187,apt36
d579d7a42ff140952da57264614c37bc,patchwork
d596827d48a3ff836545b3a999f2c3e3,apt29
d5a658db102da78958f1aea1c3d0f202,dark caracal
d5d820422aeb519e2301ebc2ad2d1114,apt17
d630835afafe3493e8d120210d56ce95,apt-c-36
d6b467c92256094f720e9fc75f149737,apt1
d6ca39fef03cf67f8ddc2a560874d80d,hacking team
d6ca8e84e08a5bc3976edb84db09c33d,fin8
d6efafc0cc100370168d09cec6608697,apt32
d6f2bf2066e053e58fe8bcd39cb2e9ad,apt28
d70073cf5f1a9a5249e5e0854339f4d7,apt32
d72a094f0333964c74091652dfaca39f,buhtrap
d7549d73fe59eaa2d90f32e50387bed5,molerats
d80e20605c1bedfdff09ceadca57cc21,rtm
d8137ded710d83e2339a97ee78494c34,darkhotel
d895a666714328e7deb80458dac454cf,silverterrier
d89742e4f80ad28860d489ce78f1f993,muddywater
d8b2cd8ebb8272fcc8ddac8da7e48e01,patchwork
d96fcd2159643684f4573238f530d03b,apt38
d97fc262c11054add1ba906118b4e7ee,apt19
da0085a97c38ead734885e5cced1847f,apt34
da47798c1562c1dd9411b20e7a62a247,molerats
da599b0cde613b5512c13f299fec739e,apt38
da6c390915639c853612cb665ac635f4,darkhotel
da7b0217865c6aa0bec1d8478e5acb0d,freakout of keksec
dae6b9b3b8e39b08b10a51a6457444d8,apt19
daf7d35eeed3058c821bde464913f9ca,ta505
db0eaad52465d5a2b86fdd6a6aa869a5,apt21
db15024de9976981aed194ff16af6c4d,apt37
db1673a1e8316287cb940725bb6caa68,apt31
dbbf8108fd14478ae05d3a3a6aabc242bff6af6eb1e93cbead4f5a23c3587ced,turla
dc0222f1e0868c3612a93ba2d83b99be,taskmasters
dc42ed8e1de55185c9240f33863a6aa4,carbanak
dc4b68285265cdf9890e6396253d8509,opal sleet
dc53bd258f6debef8604d441c85cb539,the shadow brokers
dc5aa213767bb5c336c045124714a675,gamaredon group
ddc9174f111e8aa445a71b8eeb0ad490,webworm
dde75e82b665fc7d47cd870dae2db302,apt30
de933cb9def1cd2c17c3a8634b76a62a,gamaredon group
ded8cac968d278aeb2889dc7552e46e1,apt38
defc340825cf56f18b5ba688e6695e68,molerats
dfa36f382d05ca3b8d7d89245a5c6dd6,teamtnt
dff472c5c36de4c20dbd1a2deb03579b,gamaredon group
e03c7e3e8957ede592de07d3dca247b7,machete
e0592c56ee8f0a2149fd9a8ed3b85f6f,webworm
e0683f8ee787313cfd2c61cd0995a830,apt21
e06a0257449fa8dc4ab8ccb6fbf2c50b,carbanak
e095d5c7fc6486dd114e710cb7e197ca,patchwork
e0ca9d7fdf345af474332533ee50dfb6,ember bear
e0df537f91f3bc3713a5ec5cf41f9e2d,apt17
e11fa4e6761d28716cab9390810d9bf1,ta505
e13134c8411557ce9c9e58d57b855a62,confucius
e175be029dd2b78c059278a567b3ada1,apt29
e1ad4e604565d92438dd8c4fb78c1115,blackgear
e1d068a143a5f2aaa98f231dfcfb0e72,kasablanka
e26982b170856ca8ca96a2f41b2306fb,rtm
e2d2b93ad30ffaa5a1dd19ecc3957f80,aptjc-jr-001
e3133497f7859ad4e42151e5239cb72e,hexane
e32dc66f1337cb8b1ed4f87a441e9457,apt17
e36e061f64536679fe48d2dcdb3ac4e6,apt28
e3798c71d25816611a4cab031ae3c27a,apt17
e4855693722de3856421b1b6920ba54d,ember bear
e526adeec0b4776f6bc2212e5fa5d99e,ta428
e5414c5215c9305feeebbe0dbee43567,apt18
e55adc77da695df375ab985469b5e5e4,magecart
e563e3113918a59745e98e2a425b4e81,carbanak
e5bfcae973806ccb7a3d274cdb3bbf48,ta505
e5d1109ac80fa028447167d25a9491a6,apt32
e66136da3bb11795da64f038ec4610b8,apt35
e6b33ddaa9583216013b112b00317d0a,g0127
e6c27747a61038a641b8fa1239a35291,platinum
e6d9c5a401a733ceb80b004deb347092affe572eda4e1ca6aa6c77bb0c6ea7e8,apt37
e720d68bfb21ef9e1d1f1a351b27a23f,vendetta
e72a55235a65811e4afe31b857c5294d,apt17
e753600562efdc2d90d27272e79daa0c,carbanak
e75527a20bb75aa9d12a4d1df19b91fa,apt15
e78e3b0171b189074d2539c7baaa0719,apt28
e7d5591ed21edf422ea9eb7f88d00d80,apt37
e7d92039ffc2f07496fe7657d982c80f,bronze olive
e7fb6003e3023f7ce5afce2e65fec4e6,aptjc-jr-001
e8f2f68a4dd781750a4b1082c1437bda,goblin panda
e93a4f4872bf6cd8c3f0eed6017a8d41,apt1
e94dce8f5d1f16c4e4687907b227edc2,elderwood
e9580b6b13822090db018c320e80865f,turla
e9625ce47b87085b66e0ee6e17ecb333,apt17
e9c136b1279efcbffab183a0eae0e0c3,molerats
ea3d1ee0dd5da37862ba81f468c44d2a,white bear
ea553c3de3fffbfa047e8e0eb2557b8b,apt28
ea6c7814306af3cf8ac02b1f0e29141b,the gorgon group
ea726d3e8f6516807366584f3c5b5e2a,apt28
ea97a89fe78142ffb16e3c214fcd4c26,apt37
eabe2f9529abddf5849ebd72cf52073b,silverterrier
ec607802d2de9bfdae9cf0a94af5d987,goblin panda
ec7d93a5afd2497b1179ea51ba571260,carbanak
ecc165426ab068666a3512b57f2d325f,turla
ecd82e4081fddd0efd6dcc3d823b2486,raticate
ecda82069d4349bf492404c369339f71,apt33
ed5b7b87b6f27732ae0fdd0e4af22506,silverterrier
edaca6fb1896a120237b2ce13f6bc3e6,volatile cedar
edbf07eaca4fff5f2d3f045567a9dc6f,indrik spider
ee5c6cfb36f462e84cb10dea959dd1f9,freakout of keksec
ee6b1a79cb6641aa44c762ee90786fe0,scattered spider
ee83e625c2e59850c8b67faf1442b20e,apt-c-23
eebad464050322bfec597816dec8ae2a,greenspot
ef5cc0ead79a4766a3e7057dcca4aa3d,gamaredon group
f002c0d3d5cd52851ada08124b5ef6f0,carbanak
f02b13f9634604be5388b3c13c7cec8d,evilnum
f05e486604e7586049731dfa01a5e4fe,blacktech
f140e0e9aab19fefb7e47d1ea2e7c560,apt1
f160c057fded2c01bfdb65bb7aa9dfcc,opal sleet
f18ced8772e9d1a640b8b4a731dfb6e0,apt29
f1d701f03cd6771f7f5f496870357305,ta505
f1e85e3876ddb88acd07e97c417191f4,apt-c-36
f25d754c3dc2a58a81ce585a4ac29029,apt38
f315be41d9765d69ad60f0b4d29e4300,apt28
f37a1e9001278b6db42574142919b3b4,三边
f4454e13b4fc6d23c191dc3591f950c0,taskmasters
f451fd2fd6a0947cad6f89536c128f48,apt29
f4d02c412d465893497b91f3ce0e1ad7,bronze butler
f4da908122d8e8f9af9cf4427a95dd79,apt17
f507f7d2c8a08edd3e4b8952eb32c57c,freakout of keksec
f51ba5883a65a0f7cf6783a6490320d3,white bear
f5322b2f18605674b9a0c1757de5fd94,apt31
f57e577822b6aaac5b9dfd9e464d4694,operation shadow force
f589827c4cf94662544066b80bfda6ab,molerats
f602fe96deb8615ab8cefbd959e1d438,darkhotel
f6154d0fd947692eac03ec34a5b4fb40,turla
f6421a4f570656ada4a6c953bdd3c342,apt27
f6b365fad2dba5c7378df81339bb3078,mustang panda
f72c9718260c96c77d1e0be91b30fcbf,gamaredon group
f75244014ec51af070772d94a177b366,turla
f76ee4d0e496fd22bc87e685653a296b,machete
f7f5201ea25bd7872547d18fcd309ec3,f_apt
f840c721e533c05d152d2bc7bf1bc165,sidewinder
f8c89ccd8937f2b760e6706738210744,apt17
f8e39712ae560cf21d5998bae670372e,gamaredon group
f8f960bd176083ae3968cac93e479d4b,bitter
f91d037d8686fbee12b984d2a8fd344c,apt28
f968e5c2314e198f4c0c2a4596d13ee1b6482330,inception
f9844524fb0009e5b784c21c7bad4220,scattered spider
f98bcd36563a051ab6e193c27194fb80,apt38
f9f53a1f02555258c2cc59080e7df93f,apt32
fa16ed69f5079f024bed543eee5a9816,gamaredon group
fa6ed1ba9789fa14b64195fd3cee06b3,patchwork
fa8009ec4b46e0469fb42a58032fcdf7,gamaredon group
faaafa3e115033ba5115ed6a6ba59ba9,white bear
faf4960831ab7f645c1c6a1b9dedfe9c,apt17
fb418bb5bd3e592651d0a4f9ae668962,ghostwriter
fb500fffd35556e199110074bed5fd3b,apt3
fb59c79e20b55c274607bc2f1b0d7f80,apt17
fb9ab37dfed2c2c8db82cc0c25e4fa7c,hexane
fbb2ec403fd2a6c868783847a165c52c,patchwork
fbff63ea2cf4421f5dff8542dd0bdc0d,aptjc-jr-001
fc20c9023dd7e21bf32a3507480873df,opal sleet
fca3260cff04a9c89e6e5d23a318992c,higaisa
fd408a889f2d93558f3e8a706a59c59c,gamaredon group
fdf53429b3f038b092b471fa6fdc3d76,darkgaboon
fe16c30782e2b16b07d5a3a1cf9dfb8f,apt21
fe3360138285f1d362d273bbd15bf6a6,apt33
fe6663b00d94a8106c07b4a951522266,ember bear
fef488f0401a25fe0bbddf900fe4a5bf,carbanak
ff28ec14ec926b9892c61b9bf154a910,apt38
ff69615e3a8d7ddcdc4b7bf94d6c7ffb,dragonfly
ffcd63dc98e64afbfea8718b747963d7,ta505
ffd0f34739c1568797891b9961111464,apt17
fffa05401511ad2a89283c52d0c86472,darkhotel
